INSERT INTO public.cor1440_gen_proyectofinanciero (id, nombre, observaciones, fechainicio, fechacierre, responsable_id, fechacreacion, fechadeshabilitacion, created_at, updated_at, compromisos, monto, objetivogeneral) VALUES (133, 'En las fronteras de Colombia. INDITEX ', '', '2018-10-01', '2019-09-30', NULL, NULL, NULL, '2019-02-04 20:12:07.358713', '2019-03-28 18:46:05.578565', '', 200679920, '');


INSERT INTO public.mr519_gen_formulario (id, nombre, nombreinterno) VALUES (103, 'Sección C- Clasificación del riesgo', 'secriesgo');

INSERT INTO public.cor1440_gen_caracterizacionpf (formulario_id, proyectofinanciero_id) VALUES (103, 133);

INSERT INTO public.mr519_gen_campo (id, nombre, ayudauso, tipo, obligatorio, formulario_id, nombreinterno, fila, columna, ancho, tablabasica) VALUES (1006, 'NIÑOS Y ADOLESCENTES', 'Se identifica con alguno de los hechos de la lista en presente o pasado', 10, false, 103, 'ni_os_y_adolescentes', NULL, NULL, NULL, NULL);
INSERT INTO public.mr519_gen_campo (id, nombre, ayudauso, tipo, obligatorio, formulario_id, nombreinterno, fila, columna, ancho, tablabasica) VALUES (1007, 'MUJERES Y NIÑAS EN RIESGO', 'Se identifica con alguno de los hechos de la lista en presente o pasado', 10, false, 103, 'mujeres_y_ni_as_en_riesgo', NULL, NULL, NULL, NULL);
INSERT INTO public.mr519_gen_campo (id, nombre, ayudauso, tipo, obligatorio, formulario_id, nombreinterno, fila, columna, ancho, tablabasica) VALUES (1008, 'PROTECCIÓN FÍSICA Y LEGAL', 'Se identifica con alguno de los hechos de la lista en presente o pasado', 10, false, 103, 'protecci_n_f_sica_y_legal', NULL, NULL, NULL, NULL);
INSERT INTO public.mr519_gen_campo (id, nombre, ayudauso, tipo, obligatorio, formulario_id, nombreinterno, fila, columna, ancho, tablabasica) VALUES (1011, 'Observaciones', '', 1, false, 103, 'observaciones', NULL, NULL, NULL, NULL);
INSERT INTO public.mr519_gen_campo (id, nombre, ayudauso, tipo, obligatorio, formulario_id, nombreinterno, fila, columna, ancho, tablabasica) VALUES (1009, 'SALUD Y DISCAPACIDAD', 'Se identifica con alguno de los hechos de la lista en presente o pasado', 10, false, 103, 'saludydisca', NULL, NULL, NULL, NULL);
INSERT INTO public.mr519_gen_campo (id, nombre, ayudauso, tipo, obligatorio, formulario_id, nombreinterno, fila, columna, ancho, tablabasica) VALUES (1002, 'CLASIFICACIÓN GENERAL DEL RIESGO', 'El riesgo aumenta en la medida en que haya un mayor peligro de la seguridad de la persona', 10, false, 103, 'clasriesgo', NULL, NULL, NULL, NULL);
INSERT INTO public.mr519_gen_campo (id, nombre, ayudauso, tipo, obligatorio, formulario_id, nombreinterno, fila, columna, ancho, tablabasica) VALUES (1005, 'ADULTOS MAYORES', 'Se identifica con alguno de los hechos de la lista en presente o pasado', 10, false, 103, 'adultos_mayores', NULL, NULL, NULL, NULL);
INSERT INTO public.mr519_gen_campo (id, nombre, ayudauso, tipo, obligatorio, formulario_id, nombreinterno, fila, columna, ancho, tablabasica) VALUES (1014, 'Centro Poblado de Nacimiento', '', 1, false, 103, 'centropob', NULL, NULL, NULL, NULL);
INSERT INTO public.mr519_gen_campo (id, nombre, ayudauso, tipo, obligatorio, formulario_id, nombreinterno, fila, columna, ancho, tablabasica) VALUES (1015, 'Dirección', '', 1, false, 103, 'direccion', NULL, NULL, NULL, NULL);
INSERT INTO public.mr519_gen_campo (id, nombre, ayudauso, tipo, obligatorio, formulario_id, nombreinterno, fila, columna, ancho, tablabasica) VALUES (1010, '¿Requiere intervención inmediata para salvar su vída?', '', 1, false, 103, '_requiere_intervenci_n_inmediata_para_salvar_su_v_da_', NULL, NULL, NULL, NULL);


INSERT INTO public.mr519_gen_opcioncs (id, campo_id, nombre, valor) VALUES (42, 1008, 'Historia de múltiples huidas', 'prothuida');
INSERT INTO public.mr519_gen_opcioncs (id, campo_id, nombre, valor) VALUES (43, 1008, 'Miembro de una minoría religiosa, social o grupo étnico', 'protminoria');
INSERT INTO public.mr519_gen_opcioncs (id, campo_id, nombre, valor) VALUES (44, 1008, ' En relación de pareja del mismo sexo, bisexual, transgénero o intersexual', 'protrelacionpareja');
INSERT INTO public.mr519_gen_opcioncs (id, campo_id, nombre, valor) VALUES (45, 1008, 'En un matrimonio inaceptable social, étnica o legalmente', 'protmatriinacep');
INSERT INTO public.mr519_gen_opcioncs (id, campo_id, nombre, valor) VALUES (46, 1008, 'Rechazo o victimización de la propia comunidad (incluso debido a transgresión de los roles sociales)', 'protrechazovict');
INSERT INTO public.mr519_gen_opcioncs (id, campo_id, nombre, valor) VALUES (47, 1008, 'Inseguro en la casa o en la comunidad (por ejemplo, abuso físico, sexual o psicológico / emocional por un miembro de la familia o la comunidad, incluso violencia doméstica, crímenes de honor e incesto)', 'proctinseguroencasa');
INSERT INTO public.mr519_gen_opcioncs (id, campo_id, nombre, valor) VALUES (48, 1008, 'Sin documentación legal', 'proctsindoc');
INSERT INTO public.mr519_gen_opcioncs (id, campo_id, nombre, valor) VALUES (17, 1006, 'En riesgo o víctima de explotación sexual y/o abuso por parte de personas que no son miembros de la familia', 'inriesgexplosex');
INSERT INTO public.mr519_gen_opcioncs (id, campo_id, nombre, valor) VALUES (18, 1006, 'Víctimas de trata, transferidos, reclutados, secuestrados o retenidos por medio de amenazas o por la fuerza con fines de explotación (por ejemplo, prostitución, otras formas de explotación sexual, esclavitud y la extracción de órganos)', 'nivictimatrata');
INSERT INTO public.mr519_gen_opcioncs (id, campo_id, nombre, valor) VALUES (19, 1006, 'Practica el sexo para sobrevivir', 'nisexsuperv');
INSERT INTO public.mr519_gen_opcioncs (id, campo_id, nombre, valor) VALUES (20, 1006, 'Matrimonio forzado', 'nimatriforza');
INSERT INTO public.mr519_gen_opcioncs (id, campo_id, nombre, valor) VALUES (21, 1006, 'Embarazo temprano (durante la adolescencia)', 'niembaraztem');
INSERT INTO public.mr519_gen_opcioncs (id, campo_id, nombre, valor) VALUES (22, 1006, 'Trabajo forzado', 'nitrabajoforza');
INSERT INTO public.mr519_gen_opcioncs (id, campo_id, nombre, valor) VALUES (23, 1006, 'Reclutado como niño soldado', 'nireclutado');
INSERT INTO public.mr519_gen_opcioncs (id, campo_id, nombre, valor) VALUES (29, 1007, 'Mujer (incluyendo viuda, madre soltera, adulta mayor abandonada, etc.) o niña sin protección familiar o apoyo', 'muviuda');
INSERT INTO public.mr519_gen_opcioncs (id, campo_id, nombre, valor) VALUES (31, 1007, 'Abuso psicológico o emocional dentro de la familia', 'muabupsiemo');
INSERT INTO public.mr519_gen_opcioncs (id, campo_id, nombre, valor) VALUES (34, 1007, 'Violación (inclusive violación en el matrimonio) u otras agresiones sexuales', 'muviolamatri');
INSERT INTO public.mr519_gen_opcioncs (id, campo_id, nombre, valor) VALUES (35, 1007, 'Otras formas de violencia por motivos de género por agentes estatales y no estatales (inclusive violencia del Estado, denegación de recursos, oportunidades y servicios, leyes y prácticas discriminatorias)', 'muotravio');
INSERT INTO public.mr519_gen_opcioncs (id, campo_id, nombre, valor) VALUES (36, 1007, 'Víctimas de trata, transferidas, reclutadas, secuestradas o retenidas por medio de amenazas o por la fuerza con fines de explotación (por ejemplo, prostitución, otras formas de explotación sexual, trabajo forzoso, esclavitud y la extracción de órganos)', 'muvictrata');
INSERT INTO public.mr519_gen_opcioncs (id, campo_id, nombre, valor) VALUES (37, 1007, 'Amenaza de violación y violencia sexual', 'muamenazavio');
INSERT INTO public.mr519_gen_opcioncs (id, campo_id, nombre, valor) VALUES (38, 1007, 'En riesgo de violencia física, sexual y/o psicológica, abuso, abandono o explotación por personas en posición de poder (por ejemplo, personal de la ONU, de la agencia implementadora, funcionario de gobierno)', 'muriesgovio');
INSERT INTO public.mr519_gen_opcioncs (id, campo_id, nombre, valor) VALUES (39, 1007, 'Practica el sexo para sobrevivir', 'musexsuperv');
INSERT INTO public.mr519_gen_opcioncs (id, campo_id, nombre, valor) VALUES (41, 1007, 'Otros:', 'muotros');
INSERT INTO public.mr519_gen_opcioncs (id, campo_id, nombre, valor) VALUES (2, 1002, 'Alto. Requiere una intervención inmediata ', 'alto');
INSERT INTO public.mr519_gen_opcioncs (id, campo_id, nombre, valor) VALUES (3, 1002, 'Medio.  Requiere una intervención dentro de 4 a 6 semanas. ', 'medio');
INSERT INTO public.mr519_gen_opcioncs (id, campo_id, nombre, valor) VALUES (4, 1002, 'Bajo. Probabilidad de riesgo grave para la seguridad de la persona es bajo, pero se puede requerir una intervención para necesidades específicas.', 'bajo');
INSERT INTO public.mr519_gen_opcioncs (id, campo_id, nombre, valor) VALUES (6, 1005, 'Incapaz de cuidar de sí mismo cotidianamente', 'mayor1incapaz');
INSERT INTO public.mr519_gen_opcioncs (id, campo_id, nombre, valor) VALUES (7, 1005, 'Adulto mayor sin familia u otro apoyo o abandonado por sus cuidadores', 'mayor2abandono');
INSERT INTO public.mr519_gen_opcioncs (id, campo_id, nombre, valor) VALUES (8, 1005, 'Abuelo o adulto mayor jefe de hogar', 'mayor3jefehog');
INSERT INTO public.mr519_gen_opcioncs (id, campo_id, nombre, valor) VALUES (9, 1005, 'Otros', 'mayorotros');
INSERT INTO public.mr519_gen_opcioncs (id, campo_id, nombre, valor) VALUES (10, 1006, 'Niño separado/persona joven con familiares en el mismo campamento o comunidad', 'niseparado');
INSERT INTO public.mr519_gen_opcioncs (id, campo_id, nombre, valor) VALUES (11, 1006, 'Niño no acompañado (vive solo o en cuidado temporal en el campamento o comunidad)', 'ninoacompa');
INSERT INTO public.mr519_gen_opcioncs (id, campo_id, nombre, valor) VALUES (12, 1006, 'Niño o joven huérfano', 'nihuerfano');
INSERT INTO public.mr519_gen_opcioncs (id, campo_id, nombre, valor) VALUES (13, 1006, 'Padre o madre adolescente', 'nipadreadoles');
INSERT INTO public.mr519_gen_opcioncs (id, campo_id, nombre, valor) VALUES (14, 1006, 'Niño, niña o adolescente jefe de hogar', 'nijefehogar');
INSERT INTO public.mr519_gen_opcioncs (id, campo_id, nombre, valor) VALUES (15, 1006, 'Situación familiar insegura (por ejemplo incesto, abuso, abandono)', 'nisituainsegura');
INSERT INTO public.mr519_gen_opcioncs (id, campo_id, nombre, valor) VALUES (16, 1006, 'Condiciones de vida inseguras con personas que no son familiares (por ejemplo abuso o abandono, cuidado institucional)', 'nicondicionesinseg');
INSERT INTO public.mr519_gen_opcioncs (id, campo_id, nombre, valor) VALUES (24, 1006, 'En edad escolar y no asiste a la escuela', 'ninoasisteaescuela');
INSERT INTO public.mr519_gen_opcioncs (id, campo_id, nombre, valor) VALUES (26, 1006, 'Necesidad educativas especiales (que no se puede cubrir en un salón de clases estándar)', 'ninecesidadeduesp');
INSERT INTO public.mr519_gen_opcioncs (id, campo_id, nombre, valor) VALUES (27, 1006, 'Menor de 18 años y presuntamente, acusado o reconocido de haber infringido la ley', 'nimayor');
INSERT INTO public.mr519_gen_opcioncs (id, campo_id, nombre, valor) VALUES (28, 1006, ' Otros:', 'niotros');
INSERT INTO public.mr519_gen_opcioncs (id, campo_id, nombre, valor) VALUES (40, 1007, 'Matrimonio forzado o temprano (o la amenaza de éste)', 'mumatriforza');
INSERT INTO public.mr519_gen_opcioncs (id, campo_id, nombre, valor) VALUES (49, 1008, 'En riesgo de deportación o refoulement', 'proctriesgdepor');
INSERT INTO public.mr519_gen_opcioncs (id, campo_id, nombre, valor) VALUES (50, 1008, 'Vive en la clandestinidad (por ejemplo, por temor de ser identificado o encontrado)', 'proctcladesti');
INSERT INTO public.mr519_gen_opcioncs (id, campo_id, nombre, valor) VALUES (51, 1008, 'Arbitrariamente detenido, encarcelado, o en cautiverio (incluso en régimen de incomunicación)', 'proctarbitradet');
INSERT INTO public.mr519_gen_opcioncs (id, campo_id, nombre, valor) VALUES (52, 1008, 'En peligro debido a la ausencia de un programa de protección de testigos', 'proctpeliausprograma');
INSERT INTO public.mr519_gen_opcioncs (id, campo_id, nombre, valor) VALUES (53, 1008, 'En riesgo de violencia sexual y/o por motivos de género', 'proctriesgviolen');
INSERT INTO public.mr519_gen_opcioncs (id, campo_id, nombre, valor) VALUES (54, 1008, 'Sobreviviente de violencia sexual y/o por motivos de género', 'proctsupervivio');
INSERT INTO public.mr519_gen_opcioncs (id, campo_id, nombre, valor) VALUES (55, 1008, 'Violación (incluso violación en el matrimonio y del mismo sexo) u otra agresión sexual', 'protecviola');
INSERT INTO public.mr519_gen_opcioncs (id, campo_id, nombre, valor) VALUES (56, 1008, 'Víctimas de trata, transferidas, reclutadas, secuestradas o retenidas por medio de amenazas o por la fuerza con fines de explotación (por ejemplo, prostitución, otras formas de explotación sexual, trabajo forzoso, esclavitud y la extracción de órganos)', 'protectovictrata');
INSERT INTO public.mr519_gen_opcioncs (id, campo_id, nombre, valor) VALUES (58, 1008, 'Violencia física o acoso en la comunidad durante actividades cotidianas (por ejemplo al transitar por su comunidad, ir o venir de la escuela, etc.) Violencia física o acoso en la comunidad durante actividades cotidianas (por ejemplo al transitar por su comunidad, ir o venir de la escuela, etc.)', 'prteviofisicacomunidad');
INSERT INTO public.mr519_gen_opcioncs (id, campo_id, nombre, valor) VALUES (59, 1008, 'Agresiones repetidas, sistemáticas contra ellos o su familia (incluso en detención)', 'protagresiones');
INSERT INTO public.mr519_gen_opcioncs (id, campo_id, nombre, valor) VALUES (60, 1008, 'Muerte violenta o asesinato de familiares o de amigos cercanos', 'protmujerteviolen');
INSERT INTO public.mr519_gen_opcioncs (id, campo_id, nombre, valor) VALUES (33, 1007, 'Abuso psicológico o emocional en la comunidad durante actividades cotidianas (amenazas, acoso, etc.)', 'muabuspsicomun');
INSERT INTO public.mr519_gen_opcioncs (id, campo_id, nombre, valor) VALUES (57, 1008, 'En riesgo y/o víctima de golpizas, violencia física, abuso o explotación (no sexual)', 'protecriesgvicgolpiza');
INSERT INTO public.mr519_gen_opcioncs (id, campo_id, nombre, valor) VALUES (61, 1008, 'Presenció el asesinato y / o violencia física contra terceros', 'protecpresencasesinato');
INSERT INTO public.mr519_gen_opcioncs (id, campo_id, nombre, valor) VALUES (62, 1008, 'Injusto castigo consuetudinario y / o prácticas culturales dañinas que equivalen a tortura', 'protecinjustocastigo');
INSERT INTO public.mr519_gen_opcioncs (id, campo_id, nombre, valor) VALUES (63, 1008, 'Presunto agresor', 'protpresuntoagres');
INSERT INTO public.mr519_gen_opcioncs (id, campo_id, nombre, valor) VALUES (64, 1008, 'Forzado a lastimar a otros', 'protfrozalastimarotro');
INSERT INTO public.mr519_gen_opcioncs (id, campo_id, nombre, valor) VALUES (65, 1008, 'Separación prolongada involuntaria de las personas queridas', 'protecsepaprolongada');
INSERT INTO public.mr519_gen_opcioncs (id, campo_id, nombre, valor) VALUES (66, 1008, 'Otras amenazas a la persona o la familia (por ejemplo, debido al ejercicio actual de actividades sociales, políticas o de negocios)', 'proectotraamenzasfami');
INSERT INTO public.mr519_gen_opcioncs (id, campo_id, nombre, valor) VALUES (67, 1008, 'Falta de alimentos, agua, albergue u otras necesidades básicas', 'protfaltaalimentos');
INSERT INTO public.mr519_gen_opcioncs (id, campo_id, nombre, valor) VALUES (68, 1008, 'Otros:', 'prtectotros');
INSERT INTO public.mr519_gen_opcioncs (id, campo_id, nombre, valor) VALUES (69, 1009, 'Persona con enfermedad física crónica (Requiere tratamiento a largo plazo y medicación y / o vigilancia o seguimiento de un médico)', 'saluenfercritica');
INSERT INTO public.mr519_gen_opcioncs (id, campo_id, nombre, valor) VALUES (70, 1009, 'Persona con otra condición médica que tiene un impacto grave en la capacidad de vivir independientemente y desarrollar actividades cotidianas', 'saluincapacidadnoindependiente');
INSERT INTO public.mr519_gen_opcioncs (id, campo_id, nombre, valor) VALUES (71, 1009, 'Discapacidad intelectual/cognitiva. (Persona con capacidad intelectual muy limitada que le causa problemas en la vida diaria)', 'saludiscaintectual');
INSERT INTO public.mr519_gen_opcioncs (id, campo_id, nombre, valor) VALUES (72, 1009, 'Discapacidad visual', 'saludiscavisual');
INSERT INTO public.mr519_gen_opcioncs (id, campo_id, nombre, valor) VALUES (73, 1009, 'Discapacidad auditiva', 'saludiscaauditiva');
INSERT INTO public.mr519_gen_opcioncs (id, campo_id, nombre, valor) VALUES (74, 1009, 'Discapacidad del habla', 'saludiscahabla');
INSERT INTO public.mr519_gen_opcioncs (id, campo_id, nombre, valor) VALUES (75, 1009, 'Discapacidad física moderada (No limita significativamente la capacidad de funcionar de forma independiente)', 'saludiscafismoderada');
INSERT INTO public.mr519_gen_opcioncs (id, campo_id, nombre, valor) VALUES (76, 1009, 'Discapacidad física severa (Restringe severamente el movimiento y limita de forma significativa la habilidad de la persona de funcionar con independencia)', 'saludiscafisicasevera');
INSERT INTO public.mr519_gen_opcioncs (id, campo_id, nombre, valor) VALUES (77, 1009, 'Incapaz de cuidar de sí mismo y no hay un cuidador disponible', 'saludincacuidarsimismo');
INSERT INTO public.mr519_gen_opcioncs (id, campo_id, nombre, valor) VALUES (78, 1009, 'Padecimientos psicológicos o psiquiátricos significativos (Por cualquier causa, incluso depresión, ansiedad, desorden, psicosis, epilepsia y trastorno de somatización)', 'salupsicoypsiquia');
INSERT INTO public.mr519_gen_opcioncs (id, campo_id, nombre, valor) VALUES (79, 1009, 'Abuso o adicción a las drogas legales (alcohol) e ilegales (Cualquier sustancia que dificulta, restrinja o afecta su funcionamiento diario)', 'saludrogasilegal');
INSERT INTO public.mr519_gen_opcioncs (id, campo_id, nombre, valor) VALUES (80, 1009, 'En necesidad de apoyo nutricional o programa de alimentación suplementaria', 'saluapoyonutri');
INSERT INTO public.mr519_gen_opcioncs (id, campo_id, nombre, valor) VALUES (81, 1009, 'Heridas corporales causadas por tortura y/o violencia, incluso violencia sexual y por motivos de género', 'saluheridascorpo');
INSERT INTO public.mr519_gen_opcioncs (id, campo_id, nombre, valor) VALUES (82, 1009, 'Trauma psicológico causado por tortura y/o violencia, incluso violencia sexual y por motivos de género', 'salutraumapsico');
INSERT INTO public.mr519_gen_opcioncs (id, campo_id, nombre, valor) VALUES (83, 1009, 'Otros:', 'saluotros');
INSERT INTO public.mr519_gen_opcioncs (id, campo_id, nombre, valor) VALUES (86, 1010, 'Si', 'sirequireat');
INSERT INTO public.mr519_gen_opcioncs (id, campo_id, nombre, valor) VALUES (87, 1010, 'No', 'norequiereat');
INSERT INTO public.mr519_gen_opcioncs (id, campo_id, nombre, valor) VALUES (30, 1007, 'Violencia física o sexual dentro de la familia', 'muviolenciafisosex');
INSERT INTO public.mr519_gen_opcioncs (id, campo_id, nombre, valor) VALUES (32, 1007, 'Violencia física o sexual en la comunidad durante actividades cotidianas (por ejemplo al transitar por su comunidad, ir o venir de la escuela, etc.)', 'muviofiscomun');


INSERT INTO public.heb412_gen_plantillahcm (id, ruta, fuente, licencia, vista, nombremenu, filainicial) VALUES (102, 'Riesgo Acnur Venezuela .ods', 'JRS LAC', 'JRS LAC', 'Persona', 'HRIT', 2);

INSERT INTO public.cor1440_gen_plantillahcm_proyectofinanciero (plantillahcm_id, proyectofinanciero_id) VALUES (102, 133);

INSERT INTO public.heb412_gen_campoplantillahcm (id, plantillahcm_id, nombrecampo, columna) VALUES (519, 102, 'nombres', 'G');
INSERT INTO public.heb412_gen_campoplantillahcm (id, plantillahcm_id, nombrecampo, columna) VALUES (520, 102, 'apellidos', 'H');
INSERT INTO public.heb412_gen_campoplantillahcm (id, plantillahcm_id, nombrecampo, columna) VALUES (522, 102, 'nacionalde', 'J');
INSERT INTO public.heb412_gen_campoplantillahcm (id, plantillahcm_id, nombrecampo, columna) VALUES (523, 102, 'tdocumento', 'K');
INSERT INTO public.heb412_gen_campoplantillahcm (id, plantillahcm_id, nombrecampo, columna) VALUES (524, 102, 'numerodocumento', 'L');
INSERT INTO public.heb412_gen_campoplantillahcm (id, plantillahcm_id, nombrecampo, columna) VALUES (521, 102, 'fechanac', 'I');
INSERT INTO public.heb412_gen_campoplantillahcm (id, plantillahcm_id, nombrecampo, columna) VALUES (525, 102, 'secriesgo.direccion', 'M');
INSERT INTO public.heb412_gen_campoplantillahcm (id, plantillahcm_id, nombrecampo, columna) VALUES (526, 102, 'pais', 'N');
INSERT INTO public.heb412_gen_campoplantillahcm (id, plantillahcm_id, nombrecampo, columna) VALUES (527, 102, 'departamento', 'O');
INSERT INTO public.heb412_gen_campoplantillahcm (id, plantillahcm_id, nombrecampo, columna) VALUES (529, 102, 'municipio', 'P');
INSERT INTO public.heb412_gen_campoplantillahcm (id, plantillahcm_id, nombrecampo, columna) VALUES (530, 102, 'centro_poblado', 'Q');
INSERT INTO public.heb412_gen_campoplantillahcm (id, plantillahcm_id, nombrecampo, columna) VALUES (531, 102, 'secriesgo.clasriesgo', 'R');
INSERT INTO public.heb412_gen_campoplantillahcm (id, plantillahcm_id, nombrecampo, columna) VALUES (532, 102, 'secriesgo.clasriesgo.alto', 'S');
INSERT INTO public.heb412_gen_campoplantillahcm (id, plantillahcm_id, nombrecampo, columna) VALUES (533, 102, 'secriesgo.clasriesgo.medio', 'T');
INSERT INTO public.heb412_gen_campoplantillahcm (id, plantillahcm_id, nombrecampo, columna) VALUES (534, 102, 'secriesgo.clasriesgo.bajo', 'U');
INSERT INTO public.heb412_gen_campoplantillahcm (id, plantillahcm_id, nombrecampo, columna) VALUES (535, 102, 'secriesgo.adultos_mayores', 'W');
INSERT INTO public.heb412_gen_campoplantillahcm (id, plantillahcm_id, nombrecampo, columna) VALUES (536, 102, 'secriesgo.adultos_mayores.mayor1incapaz', 'X');
INSERT INTO public.heb412_gen_campoplantillahcm (id, plantillahcm_id, nombrecampo, columna) VALUES (539, 102, 'secriesgo.adultos_mayores.mayorotros', 'AA');
INSERT INTO public.heb412_gen_campoplantillahcm (id, plantillahcm_id, nombrecampo, columna) VALUES (540, 102, 'secriesgo.ni_os_y_adolescentes', 'AB');
INSERT INTO public.heb412_gen_campoplantillahcm (id, plantillahcm_id, nombrecampo, columna) VALUES (541, 102, 'secriesgo.ni_os_y_adolescentes.niseparado', 'AC');
INSERT INTO public.heb412_gen_campoplantillahcm (id, plantillahcm_id, nombrecampo, columna) VALUES (542, 102, 'secriesgo.ni_os_y_adolescentes.ninoacompa', 'AD');
INSERT INTO public.heb412_gen_campoplantillahcm (id, plantillahcm_id, nombrecampo, columna) VALUES (543, 102, 'secriesgo.ni_os_y_adolescentes.nihuerfano', 'AE');
INSERT INTO public.heb412_gen_campoplantillahcm (id, plantillahcm_id, nombrecampo, columna) VALUES (567, 102, 'secriesgo.mujeres_y_ni_as_en_riesgo.muamenazavio', 'BD');
INSERT INTO public.heb412_gen_campoplantillahcm (id, plantillahcm_id, nombrecampo, columna) VALUES (618, 102, 'secriesgo.ultimo_editor', 'D');
INSERT INTO public.heb412_gen_campoplantillahcm (id, plantillahcm_id, nombrecampo, columna) VALUES (619, 102, 'secriesgo.fecha_ultimaedicion', 'E');
INSERT INTO public.heb412_gen_campoplantillahcm (id, plantillahcm_id, nombrecampo, columna) VALUES (537, 102, 'secriesgo.adultos_mayores.mayor2abandono', 'Y');
INSERT INTO public.heb412_gen_campoplantillahcm (id, plantillahcm_id, nombrecampo, columna) VALUES (538, 102, 'secriesgo.adultos_mayores.mayor3jefehog', 'Z');
INSERT INTO public.heb412_gen_campoplantillahcm (id, plantillahcm_id, nombrecampo, columna) VALUES (544, 102, 'secriesgo.ni_os_y_adolescentes.nipadreadoles', 'AF');
INSERT INTO public.heb412_gen_campoplantillahcm (id, plantillahcm_id, nombrecampo, columna) VALUES (545, 102, 'secriesgo.ni_os_y_adolescentes.nijefehogar', 'AG');
INSERT INTO public.heb412_gen_campoplantillahcm (id, plantillahcm_id, nombrecampo, columna) VALUES (546, 102, 'secriesgo.ni_os_y_adolescentes.nisituainsegura', 'AH');
INSERT INTO public.heb412_gen_campoplantillahcm (id, plantillahcm_id, nombrecampo, columna) VALUES (547, 102, 'secriesgo.ni_os_y_adolescentes.nicondicionesinseg', 'AI');
INSERT INTO public.heb412_gen_campoplantillahcm (id, plantillahcm_id, nombrecampo, columna) VALUES (548, 102, 'secriesgo.ni_os_y_adolescentes.inriesgexplosex', 'AJ');
INSERT INTO public.heb412_gen_campoplantillahcm (id, plantillahcm_id, nombrecampo, columna) VALUES (549, 102, 'secriesgo.ni_os_y_adolescentes.nivictimatrata', 'AK');
INSERT INTO public.heb412_gen_campoplantillahcm (id, plantillahcm_id, nombrecampo, columna) VALUES (550, 102, 'secriesgo.ni_os_y_adolescentes.nisexsuperv', 'AL');
INSERT INTO public.heb412_gen_campoplantillahcm (id, plantillahcm_id, nombrecampo, columna) VALUES (551, 102, 'secriesgo.ni_os_y_adolescentes.nimatriforza', 'AM');
INSERT INTO public.heb412_gen_campoplantillahcm (id, plantillahcm_id, nombrecampo, columna) VALUES (552, 102, 'secriesgo.ni_os_y_adolescentes.niembaraztem', 'AN');
INSERT INTO public.heb412_gen_campoplantillahcm (id, plantillahcm_id, nombrecampo, columna) VALUES (553, 102, 'secriesgo.ni_os_y_adolescentes.nitrabajoforza', 'AO');
INSERT INTO public.heb412_gen_campoplantillahcm (id, plantillahcm_id, nombrecampo, columna) VALUES (554, 102, 'secriesgo.ni_os_y_adolescentes.nireclutado', 'AP');
INSERT INTO public.heb412_gen_campoplantillahcm (id, plantillahcm_id, nombrecampo, columna) VALUES (555, 102, 'secriesgo.ni_os_y_adolescentes.ninoasisteaescuela', 'AQ');
INSERT INTO public.heb412_gen_campoplantillahcm (id, plantillahcm_id, nombrecampo, columna) VALUES (556, 102, 'secriesgo.ni_os_y_adolescentes.ninecesidadeduesp', 'AR');
INSERT INTO public.heb412_gen_campoplantillahcm (id, plantillahcm_id, nombrecampo, columna) VALUES (557, 102, 'secriesgo.ni_os_y_adolescentes.nimayor', 'AS');
INSERT INTO public.heb412_gen_campoplantillahcm (id, plantillahcm_id, nombrecampo, columna) VALUES (558, 102, 'secriesgo.ni_os_y_adolescentes.niotros', 'AT');
INSERT INTO public.heb412_gen_campoplantillahcm (id, plantillahcm_id, nombrecampo, columna) VALUES (559, 102, 'secriesgo.mujeres_y_ni_as_en_riesgo', 'AU');
INSERT INTO public.heb412_gen_campoplantillahcm (id, plantillahcm_id, nombrecampo, columna) VALUES (560, 102, 'secriesgo.mujeres_y_ni_as_en_riesgo.muviuda', 'AV');
INSERT INTO public.heb412_gen_campoplantillahcm (id, plantillahcm_id, nombrecampo, columna) VALUES (561, 102, 'secriesgo.mujeres_y_ni_as_en_riesgo.muviolenciafisosex', 'AW');
INSERT INTO public.heb412_gen_campoplantillahcm (id, plantillahcm_id, nombrecampo, columna) VALUES (562, 102, 'secriesgo.mujeres_y_ni_as_en_riesgo.muabupsiemo', 'AX');
INSERT INTO public.heb412_gen_campoplantillahcm (id, plantillahcm_id, nombrecampo, columna) VALUES (563, 102, 'secriesgo.mujeres_y_ni_as_en_riesgo.muabuspsicomun', 'AZ');
INSERT INTO public.heb412_gen_campoplantillahcm (id, plantillahcm_id, nombrecampo, columna) VALUES (564, 102, 'secriesgo.mujeres_y_ni_as_en_riesgo.muviolamatri', 'BA');
INSERT INTO public.heb412_gen_campoplantillahcm (id, plantillahcm_id, nombrecampo, columna) VALUES (565, 102, 'secriesgo.mujeres_y_ni_as_en_riesgo.muotravio', 'BB');
INSERT INTO public.heb412_gen_campoplantillahcm (id, plantillahcm_id, nombrecampo, columna) VALUES (566, 102, 'secriesgo.mujeres_y_ni_as_en_riesgo.muvictrata', 'BC');
INSERT INTO public.heb412_gen_campoplantillahcm (id, plantillahcm_id, nombrecampo, columna) VALUES (568, 102, 'secriesgo.mujeres_y_ni_as_en_riesgo.muriesgovio', 'BE');
INSERT INTO public.heb412_gen_campoplantillahcm (id, plantillahcm_id, nombrecampo, columna) VALUES (569, 102, 'secriesgo.mujeres_y_ni_as_en_riesgo.musexsuperv', 'BF');
INSERT INTO public.heb412_gen_campoplantillahcm (id, plantillahcm_id, nombrecampo, columna) VALUES (570, 102, 'secriesgo.mujeres_y_ni_as_en_riesgo.mumatriforza', 'BG');
INSERT INTO public.heb412_gen_campoplantillahcm (id, plantillahcm_id, nombrecampo, columna) VALUES (571, 102, 'secriesgo.mujeres_y_ni_as_en_riesgo.muotros', 'BH');
INSERT INTO public.heb412_gen_campoplantillahcm (id, plantillahcm_id, nombrecampo, columna) VALUES (572, 102, 'secriesgo.protecci_n_f_sica_y_legal', 'BI');
INSERT INTO public.heb412_gen_campoplantillahcm (id, plantillahcm_id, nombrecampo, columna) VALUES (573, 102, 'secriesgo.protecci_n_f_sica_y_legal.prothuida', 'BJ');
INSERT INTO public.heb412_gen_campoplantillahcm (id, plantillahcm_id, nombrecampo, columna) VALUES (574, 102, 'secriesgo.protecci_n_f_sica_y_legal.protminoria', 'BK');
INSERT INTO public.heb412_gen_campoplantillahcm (id, plantillahcm_id, nombrecampo, columna) VALUES (575, 102, 'secriesgo.protecci_n_f_sica_y_legal.protrelacionpareja', 'BL');
INSERT INTO public.heb412_gen_campoplantillahcm (id, plantillahcm_id, nombrecampo, columna) VALUES (576, 102, 'secriesgo.protecci_n_f_sica_y_legal.protmatriinacep', 'BM');
INSERT INTO public.heb412_gen_campoplantillahcm (id, plantillahcm_id, nombrecampo, columna) VALUES (577, 102, 'secriesgo.protecci_n_f_sica_y_legal.protrechazovict', 'BN');
INSERT INTO public.heb412_gen_campoplantillahcm (id, plantillahcm_id, nombrecampo, columna) VALUES (578, 102, 'secriesgo.protecci_n_f_sica_y_legal.proctinseguroencasa', 'BO');
INSERT INTO public.heb412_gen_campoplantillahcm (id, plantillahcm_id, nombrecampo, columna) VALUES (579, 102, 'secriesgo.protecci_n_f_sica_y_legal.proctsindoc', 'BP');
INSERT INTO public.heb412_gen_campoplantillahcm (id, plantillahcm_id, nombrecampo, columna) VALUES (580, 102, 'secriesgo.protecci_n_f_sica_y_legal.proctriesgdepor', 'BQ');
INSERT INTO public.heb412_gen_campoplantillahcm (id, plantillahcm_id, nombrecampo, columna) VALUES (581, 102, 'secriesgo.protecci_n_f_sica_y_legal.proctcladesti', 'BR');
INSERT INTO public.heb412_gen_campoplantillahcm (id, plantillahcm_id, nombrecampo, columna) VALUES (582, 102, 'secriesgo.protecci_n_f_sica_y_legal.proctarbitradet', 'BS');
INSERT INTO public.heb412_gen_campoplantillahcm (id, plantillahcm_id, nombrecampo, columna) VALUES (583, 102, 'secriesgo.protecci_n_f_sica_y_legal.proctpeliausprograma', 'BT');
INSERT INTO public.heb412_gen_campoplantillahcm (id, plantillahcm_id, nombrecampo, columna) VALUES (592, 102, 'secriesgo.protecci_n_f_sica_y_legal.protecpresencasesinato', 'CC');
INSERT INTO public.heb412_gen_campoplantillahcm (id, plantillahcm_id, nombrecampo, columna) VALUES (593, 102, 'secriesgo.protecci_n_f_sica_y_legal.protecinjustocastigo', 'CD');
INSERT INTO public.heb412_gen_campoplantillahcm (id, plantillahcm_id, nombrecampo, columna) VALUES (594, 102, 'secriesgo.protecci_n_f_sica_y_legal.protpresuntoagres', 'CE');
INSERT INTO public.heb412_gen_campoplantillahcm (id, plantillahcm_id, nombrecampo, columna) VALUES (595, 102, 'secriesgo.protecci_n_f_sica_y_legal.protfrozalastimarotro', 'CF');
INSERT INTO public.heb412_gen_campoplantillahcm (id, plantillahcm_id, nombrecampo, columna) VALUES (596, 102, 'secriesgo.protecci_n_f_sica_y_legal.protecsepaprolongada', 'CG');
INSERT INTO public.heb412_gen_campoplantillahcm (id, plantillahcm_id, nombrecampo, columna) VALUES (597, 102, 'secriesgo.protecci_n_f_sica_y_legal.proectotraamenzasfami', 'CH');
INSERT INTO public.heb412_gen_campoplantillahcm (id, plantillahcm_id, nombrecampo, columna) VALUES (598, 102, 'secriesgo.protecci_n_f_sica_y_legal.protfaltaalimentos', 'CI');
INSERT INTO public.heb412_gen_campoplantillahcm (id, plantillahcm_id, nombrecampo, columna) VALUES (599, 102, 'secriesgo.protecci_n_f_sica_y_legal.prtectotros', 'CJ');
INSERT INTO public.heb412_gen_campoplantillahcm (id, plantillahcm_id, nombrecampo, columna) VALUES (600, 102, 'secriesgo.saludydisca', 'CK');
INSERT INTO public.heb412_gen_campoplantillahcm (id, plantillahcm_id, nombrecampo, columna) VALUES (601, 102, 'secriesgo.saludydisca.saluenfercritica', 'CL');
INSERT INTO public.heb412_gen_campoplantillahcm (id, plantillahcm_id, nombrecampo, columna) VALUES (602, 102, 'secriesgo.saludydisca.saluincapacidadnoindependiente', 'CM');
INSERT INTO public.heb412_gen_campoplantillahcm (id, plantillahcm_id, nombrecampo, columna) VALUES (603, 102, 'secriesgo.saludydisca.saludiscaintectual', 'CN');
INSERT INTO public.heb412_gen_campoplantillahcm (id, plantillahcm_id, nombrecampo, columna) VALUES (604, 102, 'secriesgo.saludydisca.saludiscavisual', 'CO');
INSERT INTO public.heb412_gen_campoplantillahcm (id, plantillahcm_id, nombrecampo, columna) VALUES (605, 102, 'secriesgo.saludydisca.saludiscaauditiva', 'CP');
INSERT INTO public.heb412_gen_campoplantillahcm (id, plantillahcm_id, nombrecampo, columna) VALUES (606, 102, 'secriesgo.saludydisca.saludiscahabla', 'CQ');
INSERT INTO public.heb412_gen_campoplantillahcm (id, plantillahcm_id, nombrecampo, columna) VALUES (607, 102, 'secriesgo.saludydisca.saludiscafismoderada', 'CR');
INSERT INTO public.heb412_gen_campoplantillahcm (id, plantillahcm_id, nombrecampo, columna) VALUES (608, 102, 'secriesgo.saludydisca.saludiscafisicasevera', 'CS');
INSERT INTO public.heb412_gen_campoplantillahcm (id, plantillahcm_id, nombrecampo, columna) VALUES (609, 102, 'secriesgo.saludydisca.saludincacuidarsimismo', 'CT');
INSERT INTO public.heb412_gen_campoplantillahcm (id, plantillahcm_id, nombrecampo, columna) VALUES (620, 102, 'secriesgo.observaciones', 'DC');
INSERT INTO public.heb412_gen_campoplantillahcm (id, plantillahcm_id, nombrecampo, columna) VALUES (621, 102, 'secriesgo.saludydisca.saluotros', 'DA');
INSERT INTO public.heb412_gen_campoplantillahcm (id, plantillahcm_id, nombrecampo, columna) VALUES (591, 102, 'secriesgo.protecci_n_f_sica_y_legal.protmujerteviolen', 'CB');
INSERT INTO public.heb412_gen_campoplantillahcm (id, plantillahcm_id, nombrecampo, columna) VALUES (584, 102, 'secriesgo.protecci_n_f_sica_y_legal.proctriesgviolen', 'BU');
INSERT INTO public.heb412_gen_campoplantillahcm (id, plantillahcm_id, nombrecampo, columna) VALUES (585, 102, 'secriesgo.protecci_n_f_sica_y_legal.proctsupervivio', 'BV');
INSERT INTO public.heb412_gen_campoplantillahcm (id, plantillahcm_id, nombrecampo, columna) VALUES (586, 102, 'secriesgo.protecci_n_f_sica_y_legal.protecviola', 'BW');
INSERT INTO public.heb412_gen_campoplantillahcm (id, plantillahcm_id, nombrecampo, columna) VALUES (587, 102, 'secriesgo.protecci_n_f_sica_y_legal.protectovictrata', 'BX');
INSERT INTO public.heb412_gen_campoplantillahcm (id, plantillahcm_id, nombrecampo, columna) VALUES (589, 102, 'secriesgo.protecci_n_f_sica_y_legal.prteviofisicacomunidad', 'BZ');
INSERT INTO public.heb412_gen_campoplantillahcm (id, plantillahcm_id, nombrecampo, columna) VALUES (590, 102, 'secriesgo.protecci_n_f_sica_y_legal.protagresiones', 'CA');
INSERT INTO public.heb412_gen_campoplantillahcm (id, plantillahcm_id, nombrecampo, columna) VALUES (610, 102, 'secriesgo.saludydisca.salupsicoypsiquia', 'CU');
INSERT INTO public.heb412_gen_campoplantillahcm (id, plantillahcm_id, nombrecampo, columna) VALUES (611, 102, 'secriesgo.saludydisca.saludrogasilegal', 'CV');
INSERT INTO public.heb412_gen_campoplantillahcm (id, plantillahcm_id, nombrecampo, columna) VALUES (612, 102, 'secriesgo.saludydisca.saluapoyonutri', 'CW');
INSERT INTO public.heb412_gen_campoplantillahcm (id, plantillahcm_id, nombrecampo, columna) VALUES (613, 102, 'secriesgo.saludydisca.saluheridascorpo', 'CX');
INSERT INTO public.heb412_gen_campoplantillahcm (id, plantillahcm_id, nombrecampo, columna) VALUES (622, 102, 'secriesgo.saludydisca.salutraumapsico', 'CY');
INSERT INTO public.heb412_gen_campoplantillahcm (id, plantillahcm_id, nombrecampo, columna) VALUES (623, 102, 'secriesgo.mujeres_y_ni_as_en_riesgo.muviofiscomun', 'AY');
INSERT INTO public.heb412_gen_campoplantillahcm (id, plantillahcm_id, nombrecampo, columna) VALUES (588, 102, 'secriesgo.protecci_n_f_sica_y_legal.protecriesgvicgolpiza', 'BY');
INSERT INTO public.heb412_gen_campoplantillahcm (id, plantillahcm_id, nombrecampo, columna) VALUES (624, 102, 'secriesgo._requiere_intervenci_n_inmediata_para_salvar_su_v_da_', 'DB');
